Company,Total Revenue,Net Income,Total Assets,Total Liabilities,Cash Flow,Year
Microsoft,245122.0,88136.0,512163.0,243686.0,118548.0,2024
Tesla,96773.0,14974.0,106618.0,43009.0,13256.0,2024
Apple,391035.0,93736.0,364980.0,308030.0,118254.0,2024
Microsoft,211915.0,72361.0,411976.0,205753.0,87582.0,2023
Tesla,81462.0,12587.0,82338.0,36440.0,14724.0,2023
Apple,383285.0,96995.0,352583.0,290437.0,110543.0,2023
Microsoft,198270.0,72738.0,364840.0,198298.0,89035.0,2022
Tesla,53823.0,5644.0,62131.0,30548.0,11497.0,2022
Apple,394328.0,99803.0,352755.0,302083.0,122151.0,2022